Country,Year,GDP_Growth,GDP_Per_Capita,Population_Growth,Exports_pct,Imports_pct,Life_Expectancy
Brunei,1961,,,4.61201690841858,,,59.387
Indonesia,1961,5.74064582266813,,2.78673050525734,11.0614762816422,13.6141246543289,47.385
Malaysia,1961,7.59799400028281,232.943768818315,2.58373842201017,48.4713156990725,41.5836482308485,58.015
Vietnam,1961,,,2.66049299602515,,,58.461
Thailand,1961,5.36214630168787,109.728794269464,2.93069234462544,17.3354756617247,17.1100956964585,51.065
Cambodia,1961,,,2.19953566262663,,,42.588
Singapore,1961,8.13752950817668,449.148136820776,3.34479340675401,142.423206733029,156.978681590977,65.9597073170732
Myanmar,1961,0.471561080379175,27.2654541223873,2.18634979176609,,,44.603
Philippines,1961,5.69547095029755,283.794741192369,3.17829224985788,,,59.469
Laos,1961,,,2.25031691737593,,,41.344
Brunei,1962,,,4.44174557138531,,,58.824
Indonesia,1962,1.84197770236842,,2.80698421797939,5.1681521983372,5.39285446783012,48.141
Malaysia,1962,6.42102960904312,238.836339180717,2.6079933251221,46.0421086992003,43.1369348784071,58.855
Vietnam,1962,,,2.59846800903446,,,58.204
Thailand,1962,7.55425444784086,116.179493337844,2.96007952695934,15.6867628292535,17.6494174146446,51.444
Cambodia,1962,,,2.24329352395046,,,43.079
Singapore,1962,7.55344418052258,472.082740153988,2.76910469544055,138.12121930969,148.523306843791,66.3726341463415
Myanmar,1962,4.08687253044889,27.9470039695431,2.20039913928751,,,45.264
Philippines,1962,4.84629418915898,166.689221357377,3.18200508567463,,,59.755
Laos,1962,,,2.28335006052227,,,42.272
Brunei,1963,,,4.48836692928883,,,60.625
Indonesia,1963,-2.23702998571657,,2.82509682257967,9.06881077038145,9.34928945400149,48.742
Malaysia,1963,7.33880352682334,291.800006993807,2.61448951710449,45.7183758459136,43.9875065070276,59.667
Vietnam,1963,,,2.76282545445889,,,56.897
Thailand,1963,7.99983078698784,120.658598748696,2.97923079566546,15.1342562160557,18.3750834140105,51.988
Cambodia,1963,,,2.17796481919923,,,43.612
Singapore,1963,10.0401733131415,511.202235371449,2.52749548206484,141.153435386258,155.728017087932,66.7795365853659
Myanmar,1963,13.3492949251208,25.8039844353997,2.2157254424199,,,45.951
Philippines,1963,7.01626518416583,179.464434045296,3.15000313102439,,,60.018
Laos,1963,,,2.2780468654744,,,41.544
Brunei,1964,,,4.60094377629245,,,61.267
Indonesia,1964,3.52969814993797,,2.85554207780566,12.2520501857433,13.0651153010444,49.44
Malaysia,1964,5.35896290971056,302.933952345239,2.59611428546317,44.0820813484793,42.3476242823989,60.448
Vietnam,1964,,,2.6662269308257,,,57.473
Thailand,1964,6.83099614370542,128.642226903734,2.98747192809308,17.3548308513556,18.7752098418968,52.539
Cambodia,1964,,,2.0931350037974,,,44.044
Singapore,1964,-3.10316815597076,485.530686047381,2.56297370452389,122.084612012275,132.946076282332,67.0024146341463
Myanmar,1964,-5.8940188396242,17.3322006236435,2.23182397635455,,,46.653
Philippines,1964,3.40249443571273,188.153783582113,3.1078745171606,,,60.13
Laos,1964,,,2.2537424663802,,,41.859
Brunei,1965,,1028.88450343084,4.53667016188967,,,61.721
Indonesia,1965,1.08158946626055,,2.52900109189077,5.2762547448334,5.73597638127372,42.762
Malaysia,1965,7.68486347467319,326.436007443045,2.54980960808065,44.8950276243094,40.4198895027624,61.144
Vietnam,1965,,,2.53137087053675,,,56.967
Thailand,1965,8.18166153767717,140.899873696781,2.98873309292341,16.8550951173044,18.0611430619429,53.131
Cambodia,1965,,,2.09869742617993,,,44.497
Singapore,1965,7.83426046474929,516.531928636745,2.43005118260502,123.237029092372,134.304196272959,67.2328536585366
Myanmar,1965,10.6926495101691,15.1178632326484,2.25812484583624,,,47.405
Philippines,1965,5.34508932932236,199.763575376063,3.05705850457282,,,60.41
Laos,1965,,,2.27180252016465,,,42.222
Brunei,1966,,1145.70592233266,4.44337180550127,,,62.401
Indonesia,1966,2.79134682484525,,2.36670145600789,12.7572016460905,22.0955998733777,48.406
Malaysia,1966,7.81671102618819,338.570121454412,2.48940182057707,42.512729917905,38.5638574249195,61.679
Vietnam,1966,,,2.38235217834686,,,56.914
Thailand,1966,11.1225184946389,164.533414431069,2.96290498317245,17.6143813054205,17.9458689900019,53.729
Cambodia,1966,,,2.10123475071927,,,44.948
Singapore,1966,10.180095306912,566.803974405961,2.48619300668598,123.277916815636,130.499940412347,67.5478292682927
Myanmar,1966,-4.85177870419901,11.8013216738981,2.26846533222225,,,48.181
Philippines,1966,4.4411585340256,213.849586020843,2.99483969320958,,,60.623
Laos,1966,,,2.28346753765842,,,42.347
Brunei,1967,,1148.84303232869,4.34276377363215,,,62.909
Indonesia,1967,1.38040280607036,53.2051866988581,2.59966150696535,8.77565463552725,16.8671856569946,51.309
Malaysia,1967,3.85714649161983,335.425630582949,2.36721910470141,40.9649661954518,38.5269412005737,62.044
Vietnam,1967,,,2.26282392922143,,,56.745
Thailand,1967,8.61598233328198,170.666971518706,2.9230380018249,18.1616647026205,20.211460099104,54.316
Cambodia,1967,,,2.10172329362237,,,45.193
Singapore,1967,12.508612746034,626.029437593984,2.20867874028433,114.293253120135,121.64173197182,67.6523902439025
Myanmar,1967,-5.92525888262607,16.5453805372426,2.26880679206669,,,48.86
Philippines,1967,5.22268758922664,223.124766332659,2.94327289189659,,,60.804
Laos,1967,,,2.30273700577367,,,42.869
Brunei,1968,,1274.0903793851,4.21112297840576,,,63.47
Indonesia,1968,10.9151785714295,64.6547730642556,2.70751027453981,10.8694615347928,15.5768588734678,51.888
Malaysia,1968,7.97799464201174,342.444763417284,2.26900009863219,43.2270720941638,39.7057381069152,62.443
Vietnam,1968,,,2.13548066761958,,,52.668
Thailand,1968,8.12227025554289,178.839752885801,2.87834251515722,16.9387679650646,20.681504373308,54.977
Cambodia,1968,,,2.09972067952141,,,45.586
Singapore,1968,13.5269942226387,708.601436896422,1.72452639562583,125.659884520209,131.140592063056,67.9807804878049
Myanmar,1968,12.0593401836478,21.5453410007264,2.26965913331896,,,49.4
Philippines,1968,5.03815939692956,242.232067627814,2.89524034865302,,,60.917
Laos,1968,,,2.33069461091738,,,43.183
Brunei,1969,,1226.43698889034,4.05538595117218,,,63.963
Indonesia,1969,6.82229824913614,74.0988114128793,2.76421216767215,9.0139808682855,14.8270787343635,52.588
Malaysia,1969,4.88853365256124,368.385655484736,2.26022307765599,47.2187555714031,37.0208593332145,62.868
Vietnam,1969,,,2.11044129709734,,,54.791
Thailand,1969,6.55065988587748,191.438734515692,2.81628791708856,16.0616961458749,20.0606046686028,55.705
Cambodia,1969,,,2.10228802628673,,,45.935
Singapore,1969,13.8338251160131,812.677487316618,1.50452955145281,132.125637140102,141.572038651526,68.3339756097561
Myanmar,1969,3.29174112062336,21.5103180527937,2.26525162825306,,,50.02
Philippines,1969,4.68947344100819,261.090890369413,2.82859562885522,,,60.981
Laos,1969,,,2.35128433530066,,,43.46
Brunei,1970,,1325.15598362979,2.77003576556272,,,64.49
Indonesia,1970,7.55463451394223,79.118823484002,2.7523193721547,12.8443113772455,15.8383233532934,53.254
Malaysia,1970,5.98653863031986,379.626764270849,2.29763080032873,45.5575281088849,41.3221743173557,63.298
Vietnam,1970,,,2.17693974470409,,,54.93
Thailand,1970,11.4079490662098,197.097903475424,2.76529963229465,15.0203528324978,19.3819539327746,56.47
Cambodia,1970,,,0.520346114578801,,,38.628
Singapore,1970,13.9420030031916,925.797864348214,1.55489873401336,126.026907965234,145.032571904819,68.724756097561
Myanmar,1970,4.97933059716335,20.7242782768026,2.26088157769285,,,50.47
Philippines,1970,3.69248748654796,200.921655645037,2.58863709695368,,,60.827
Laos,1970,,,2.37824477578016,,,43.776
Brunei,1971,,1432.16600656705,2.0384578921848,,,64.975
Indonesia,1971,7.02399719740848,78.5428393869752,2.70918593790289,14.4199346405229,16.6421568627451,53.823
Malaysia,1971,10.0346605803438,407.19672797331,2.3751040919662,40.4631416441528,39.027402547279,63.77
Vietnam,1971,,,2.3213475682191,,,55.585
Thailand,1971,4.89537376024299,199.662201986255,2.69725445467986,15.9889178096841,18.8129073702317,57.1
Cambodia,1971,,,-0.276047150037129,,,38.7
Singapore,1971,12.4134371586342,1071.41154035538,1.83378763451827,119.463484321563,139.83318662607,69.0002195121951
Myanmar,1971,4.12996244451452,21.1257517513266,2.23354876191716,,,51.027
Philippines,1971,5.38900841621259,217.429055093343,2.35483652244374,,,61.065
Laos,1971,,,2.40285563015352,,,44.122
Brunei,1972,,1904.66760457331,3.04761010710298,,,65.447
Indonesia,1972,7.03764320785962,90.1147549138956,2.66225034303759,16.5162138475022,18.8957055214724,54.364
Malaysia,1972,9.38844499098961,472.363509449959,2.40180779094825,36.0126582278481,37.3628691983122,64.232
Vietnam,1972,,,2.28214318459982,,,51.913
Thailand,1972,4.27850803861051,215.582022917854,2.66216999485487,18.1893005505355,19.1840095528466,57.746
Cambodia,1972,,,0.797400734459424,,,38.909
Singapore,1972,13.3155626083739,1264.37510720987,1.85220871957903,106.739096394975,122.314298447418,69.1635609756098
Myanmar,1972,2.43584137286746,23.2941302744944,2.20903088681752,,,51.397
Philippines,1972,5.43038749392343,230.097611314044,2.28402783500202,,,60.911
Laos,1972,,,2.42166866557596,,,44.416
Brunei,1973,,2938.85095702716,3.57824870203927,,,65.95
Indonesia,1973,8.1039755351653,129.886231088685,2.62716406889288,20.0536026297865,19.4805579411852,54.916
Malaysia,1973,11.7010816119945,700.728626010603,2.39490013420869,41.4837365806762,35.8489558297281,64.725
Vietnam,1973,,,2.23302502747562,,,55.677
Thailand,1973,10.2364330148798,278.285062967675,2.63760183827926,18.6028818612765,20.0463758043811,58.323
Cambodia,1973,,,0.981697230624786,,,39.078
Singapore,1973,10.6030030171787,1685.45979632163,1.86869708026235,118.336603947824,127.392358305437,69.5304634146342
Myanmar,1973,-0.968124718340604,24.7965628847435,2.08193751709596,,,51.763
Philippines,1973,8.78200912237088,283.228592733126,2.22227491854617,,,60.741
Laos,1973,,,2.42995627581044,,,44.728
Brunei,1974,,15194.792305663,3.52473784489235,41.6806816307368,8.03184612069376,66.442
Indonesia,1974,7.6346729055067,200.710984454591,2.57379806865858,28.9979454613373,21.4204333208816,55.443
Malaysia,1974,8.31866197361978,847.806802570239,2.3969225246851,48.3113133257503,48.0750721847931,65.204
Vietnam,1974,,,2.23486930356709,,,54.751
Thailand,1974,4.46625338575453,342.978897633446,2.54790807795309,21.5891829094054,23.9555868691652,59.031
Cambodia,1974,,,0.643559263319997,,,39.296
Singapore,1974,6.11740437109883,2341.70551423633,1.6641425915583,149.471608709884,164.493352245273,69.894512195122
Myanmar,1974,5.34237568950537,41.4076276435663,1.95070864521903,,,52.092
Philippines,1974,3.39460637850206,379.068181207602,2.16094703030034,,,60.816
Laos,1974,,,2.38166241174157,,,45.886
Brunei,1975,-0.645291579006951,15793.1312553958,3.48509488798141,42.1469692722291,10.963279782636,66.95
Indonesia,1975,4.97730086669512,231.060120618497,2.52610742568257,22.547755586316,21.9735020763298,55.998
Malaysia,1975,0.801068092192338,810.570999701272,2.39071194293749,45.5489879992835,45.0967221923697,65.697
Vietnam,1975,,,2.32743351549493,,,61.865
Thailand,1975,4.97040522766497,363.526350179478,2.44066673122309,18.3630078077808,22.9749434073003,59.713
Cambodia,1975,,113.825789208758,-3.02117816158879,,,12.784
Singapore,1975,3.98873862550901,2489.91157517591,1.46026991588953,137.121504585285,146.448680501431,70.405512195122
Myanmar,1975,4.15270918852109,35.163291569876,1.93531960277648,,,52.493
Philippines,1975,5.45110286965478,400.638883090952,2.27270266314574,,,60.904
Laos,1975,,,2.21226451336532,,,46.15
Brunei,1976,20.8741398285027,18671.3624129294,3.44292376500563,43.6283577621182,8.50574117317944,67.411
Indonesia,1976,6.88656497352524,275.713167824796,2.49420325253991,22.1740901420471,20.8324982058228,56.445
Malaysia,1976,11.5634897772546,940.437734141673,2.3959708559326,51.8212568987004,41.3743991454513,66.233
Vietnam,1976,,,2.55308684698776,,,63.669
Thailand,1976,9.32681108178437,405.408734060752,2.30946843297936,20.2352088906559,22.7050501184421,60.371
Cambodia,1976,0.0,128.827777341533,-7.02344711270547,,,11.632
Singapore,1976,7.43716681814959,2758.94038028476,1.347723377756,149.480784355546,156.41921164536,70.7470487804878
Myanmar,1976,6.08039622930205,39.1660083715823,1.91108600294956,,,52.908
Philippines,1976,8.77840333051334,448.620084504484,2.53326413915467,,,60.869
Laos,1976,,,1.95561811369731,,,46.012
Brunei,1977,9.93403484610029,21746.8559126458,3.40692158563333,44.5433156406127,7.57236365890416,67.833
Indonesia,1977,8.76132560106353,330.670214101079,2.45521844395398,23.4909813946883,20.0792185453455,57.09
Malaysia,1977,7.75305838033998,1091.70837095855,2.40168174769843,50.1422387136673,42.6345083487941,66.72
Vietnam,1977,,,2.62834581225948,,,64.07
Thailand,1977,9.84346323531113,461.659141640678,2.23626183565551,19.9583639462407,25.3776947018713,60.906
Cambodia,1977,-14.6764073144395,126.357117453489,-7.90750816449139,,,11.295
Singapore,1977,6.85244239382494,2846.33598832854,1.38572346856491,162.758970721327,164.224738889025,71.0261219512195
Myanmar,1977,5.95228661057057,27.8600867193791,1.92280622097824,,,53.266
Philippines,1977,5.56297025151267,502.23424288346,2.66426932986087,,,61.431
Laos,1977,,,1.74806381213258,,,46.408
Brunei,1978,7.01913426136178,23446.5341231193,3.25864705980369,44.9891717664632,6.85293939422407,68.258
Indonesia,1978,6.76706985763171,362.483779779007,2.43846955711898,21.8671414754243,20.8476215598347,57.607
Malaysia,1978,6.65389221500463,1326.88769798353,2.4007519821355,49.0550599165919,43.4909993137307,67.17
Vietnam,1978,,,2.61027373200441,,,64.529
Thailand,1978,10.2957465349385,548.233113208345,2.18170911561353,19.8857021002637,24.1132726658406,61.266
Cambodia,1978,0.0,147.101573366096,-8.40364496076773,,,11.573
Singapore,1978,7.77718195422017,3193.90565722355,1.20970078915976,165.438393665405,169.163567354151,71.2835609756098
Myanmar,1978,6.51781702314163,29.2562311044151,1.94864940048061,,,53.522
Philippines,1978,5.19238453027808,565.267487053598,2.68478538067958,,,61.531
Laos,1978,,,1.67925832788714,,,46.832
Brunei,1979,24.3383886941687,33501.2782714145,3.11756544188593,44.0967426564454,6.55821120942994,68.642
Indonesia,1979,7.32430948559606,353.424175826329,2.42309448317805,30.0658227531897,23.5897131651751,58.18
Malaysia,1979,9.34909993075928,1679.87779419937,2.40198093661577,56.014130622092,47.139410649664,67.607
Vietnam,1979,,,2.22125406032671,,,64.986
Thailand,1979,5.37176651254237,612.08876018577,2.10037141390493,22.5711223957188,29.2968337778439,61.696
Cambodia,1979,-12.8285637744816,142.221617062037,-2.38534614554592,,,41.072
Singapore,1979,9.55444873972347,3900.53355310873,1.26239247977074,184.677312546118,190.33309367491,71.461756097561
Myanmar,1979,5.20127748073821,29.2136757858848,1.93154085428877,,,54.026
Philippines,1979,5.59557107591131,666.956386771672,2.6669478704724,,,61.727
Laos,1979,,,1.76449926971601,,,47.46
Brunei,1980,-9.70796015870228,58005.3424763282,3.10447184952538,42.6255099293787,5.32548490034153,69.014
Indonesia,1980,9.88007752166418,486.620172021155,2.38861945340176,30.4741702735352,22.1798762039093,58.701
Malaysia,1980,7.44182677934407,1886.12339323875,2.77631260870424,57.5448337960531,55.0423951376904,68.061
Vietnam,1980,,,2.14104273585666,,,65.338
Thailand,1980,5.17354100571934,708.729450091584,2.06182786239566,24.1114477856034,30.3676178240556,62.186
Cambodia,1980,-5.66840616410634,143.154317973128,2.15903914387194,,,47.498
Singapore,1980,10.1133721068475,4928.13911785754,1.26923429916508,202.006215789962,208.930559421097,72.190243902439
Myanmar,1980,7.93853808083058,31.2462392881093,1.91624834382687,,,54.374
Philippines,1980,5.20071107911187,766.969451146209,2.60768810602227,,,61.884
Laos,1980,,,1.97440000944874,,,48.56
Brunei,1981,-22.3848239984139,48793.4422577232,3.10323032776763,43.4157614398238,6.39210174829808,69.344
Indonesia,1981,7.92715682412874,560.830336032961,2.34521555543862,27.6304440372406,25.5468562015289,59.096
Malaysia,1981,6.94210420118173,1866.10246831744,3.15264589492806,52.3388818495826,58.5232499609463,68.461
Vietnam,1981,,,2.34984106682984,,,65.779
Thailand,1981,5.90686776303639,748.156726132308,2.0078184838506,23.8473816394313,30.1212848173021,62.856
Cambodia,1981,0.0410921165318001,154.253841174151,1.61430514037069,,,48.035
Singapore,1981,10.8159232986752,5596.58597723068,4.80768900934127,198.182656826568,201.595611491829,72.5878048780488
Myanmar,1981,6.35575459195157,32.8127790443581,1.88294959545959,,,54.699
Philippines,1981,3.42220873753665,821.293256858092,2.60500769729096,16.15668467559,19.1140962019634,61.942
Laos,1981,,,2.22432150719419,,,49.237
Brunei,1982,2.30152997332975,45074.5499241983,3.17244438129069,42.6520829279949,8.22385310472317,69.669
Indonesia,1982,2.24644534036375,577.745632722784,2.312379898873,22.379034286615,26.2971931460309,59.7
Malaysia,1982,5.94315245801018,1937.74922725899,3.18472114484825,50.8730171408489,59.5856163836483,68.876
Vietnam,1982,,,2.3415408609404,,,66.212
Thailand,1982,5.35234875066743,770.398953205891,1.95332622947543,22.91790664544,24.6304221770109,63.603
Cambodia,1982,0.0,159.206634020357,2.83459020264742,,,48.755
Singapore,1982,7.10214484891354,6077.63424070932,4.38859363289509,185.352489023342,187.184678586983,72.6878048780488
Myanmar,1982,5.60387642556786,42.9535414901862,1.82670000332865,,,55.033
Philippines,1982,3.69840609851109,832.536200258054,2.7679309511258,13.8711131877609,18.3090270610486,62.175
Laos,1982,,,2.44692261831745,,,49.931
Brunei,1983,0.399377358630829,38720.0939254718,3.26457487247004,42.808373440627,9.20520315792035,69.991
Indonesia,1983,4.1929673681999,507.682945653414,2.2802310222151,27.7454082629556,28.8138284014676,60.343
Malaysia,1983,6.25223081092673,2124.29229106221,3.22310878172444,51.5274544318892,56.4888422008972,69.205
Vietnam,1983,,,2.38294420928097,,,66.545
Thailand,1983,5.58420246919084,826.932302137698,1.93657526021608,20.1112063674175,27.2732896750569,64.5
Cambodia,1983,4.43340631077345,166.65319934361,3.60876485106045,,,49.383
Singapore,1983,8.55448210614414,6633.23667366491,1.29874466224405,166.865573598192,166.281465132167,73.0365853658537
Myanmar,1983,4.39109267988809,39.2908686161265,1.95208542880678,,,55.308
Philippines,1983,1.89695178959097,723.430497138016,2.91381919870856,14.7105725820752,19.6024392551413,62.349
Laos,1983,,,2.60276882890716,,,50.485
Brunei,1984,-2.3765936752155,36061.3815259405,3.3240172489544,,,70.236
Indonesia,1984,6.97552780884124,519.774063103241,2.229708398269,27.3149786111737,22.795641366128,60.891
Malaysia,1984,7.76179012218883,2299.80870816235,3.25801491550759,54.2690131992458,52.3607793840352,69.551
Vietnam,1984,,,2.3994454491251,,,66.929
Thailand,1984,5.75243025148993,846.934168430884,1.89910865056655,21.9013830818501,26.1678823364675,65.55
Cambodia,1984,4.93207926062351,174.705837134358,3.63959999917438,,,50.089
Singapore,1984,8.79228623912256,7228.31758410647,1.89022198562678,156.46411249353,156.659413760712,73.290243902439
Myanmar,1984,4.9327280261799,36.3255768443636,2.07318705550566,,,55.596
Philippines,1984,-7.0393782012259,665.042349344043,2.8921000161406,16.9424693534499,17.8815149992249,62.426
Laos,1984,,483.017781668524,2.69814680488859,2.76422772318065,6.34146360023796,51.014
Brunei,1985,-2.9072440789929,31827.4059557344,3.37158601739359,,,70.499
Indonesia,1985,2.46214356422551,511.400883618027,2.13630506735178,23.7776707966994,20.9407015143453,61.387
Malaysia,1985,-1.02525025342071,2045.57471772113,3.28738816697012,54.907706208855,49.775396927843,69.863
Vietnam,1985,3.80585566810947,238.647805313403,2.32020926228808,,,67.192
Thailand,1985,4.64724035659331,773.823923674613,1.84510814954302,23.2136293981282,25.9415990492766,66.543
Cambodia,1985,4.67018404006252,182.446852317187,3.34235285583714,,,50.799
Singapore,1985,-0.622701650113157,7001.7667477117,0.136645170706526,152.222314672514,151.922531006196,73.890243902439
Myanmar,1985,2.85100023868532,40.3821412603663,1.99535756981766,,,55.816
Philippines,1985,-6.85837720864683,633.211065310196,2.72981168676784,17.0221232673719,15.818398571294,62.735
Laos,1985,5.06996394724837,632.801098281291,2.76906771384978,4.03755905433226,9.76525842685535,51.579
Brunei,1986,-5.4072203182489,18500.5408625966,3.4021071237636,,,70.762
Indonesia,1986,5.87504510359864,469.834241253429,2.01749973418514,20.4956024570461,20.5139357107403,61.736
Malaysia,1986,1.24059492750688,1759.73185736702,3.27741127041741,56.2966170349471,50.2011341732547,70.133
Vietnam,1986,2.78929157479443,436.419296772225,2.15476237596871,6.62253929883139,16.5961550250417,67.55
Thailand,1986,5.53382776724771,842.098436226451,1.78830519117593,25.6017967005473,23.5690579812313,67.308
Cambodia,1986,3.80081800784569,185.759997798349,3.92459581028745,,,51.555
Singapore,1986,1.34281041445436,6799.93036332671,-0.0944905570612704,148.730947088356,146.095513380139,74.2463414634146
Myanmar,1986,-1.05734875697635,42.4193735892874,1.87203865962695,,,56.084
Philippines,1986,3.51068403005506,600.002843935462,2.56065401958045,18.5661232093716,16.1738835797829,62.875
Laos,1986,4.88513326275412,461.911552367003,2.81379366010288,3.61374402869573,7.70142178304901,52.144
Brunei,1987,2.08354422440964,21029.7189772961,3.19997760879289,,,70.982
Indonesia,1987,4.92592736496611,437.60655039936,1.94141842112657,24.5768000967818,22.3974477815104,62.087
Malaysia,1987,5.19193211272702,1977.1290866202,3.22352401394525,62.8944934328174,49.0250971203059,70.351
Vietnam,1987,3.5834696313072,595.247488701606,2.030063573031,6.0014283728223,14.7971782020906,68.005
Thailand,1987,9.5189460221079,970.452522513385,1.73612916326133,28.8940109881547,28.333973501184,67.833
Cambodia,1987,21.5315192666416,158.124375446975,4.24050053529992,,,53.674
Singapore,1987,10.7979324702819,7539.02930212443,1.50383305795572,164.003337028947,161.035137597559,74.5487804878049
Myanmar,1987,-4.00563178606888,41.1478137224602,1.74462327581601,,,56.353
Philippines,1987,4.36180967277697,649.812857590607,2.63496969855059,18.5415326150478,18.8158684945908,63.299
Laos,1987,-1.42579238293395,274.729585339944,2.84212757432166,6.09243684359774,14.0231085215612,52.597
Brunei,1988,-1.53586318506849,18824.7637309359,2.97132267531724,,,71.183
Indonesia,1988,5.7804984881177,476.662483405818,1.90886698268871,25.041659395038,22.2129020272362,62.386
Malaysia,1988,9.93771967651989,2099.95467656701,3.14398721440995,66.4155028688968,56.2087257767673,70.551
Vietnam,1988,5.13501167157808,404.559305078888,2.02305132101298,3.94529822568093,15.0051888612192,68.585
Thailand,1988,13.2881140717644,1164.20096229495,1.70502694404775,33.0119684687748,34.4015020381158,68.194
Cambodia,1988,11.9769088837606,244.109577464605,3.80067141484648,,,54.433
Singapore,1988,11.26359213382,8914.44122574729,2.53777386733667,184.714114870593,175.153044132482,74.6975609756098
Myanmar,1988,-11.3524394768121,39.9236088878004,1.64379378529744,,,56.57
Philippines,1988,6.69693110468185,722.343718454247,2.68311652440946,19.9993637191705,19.3242818913489,63.711
Laos,1988,-2.01020105305003,147.070942942331,2.86410486101786,13.6286198061927,31.8994868284183,53.077
Brunei,1989,-2.72621442462589,20090.0690184766,2.92509049228469,37.0292237094454,21.0919445969333,71.408
Indonesia,1989,7.45658692516847,524.143027322576,1.87458353064795,26.0875546625977,22.9943290265198,62.883
Malaysia,1989,9.0596008665043,2243.60219599914,3.03962219398994,71.3768494673724,65.3122119487233,70.759
Vietnam,1989,7.36451289395819,98.1070172159577,2.0539568975987,23.8493577901968,34.0551043647884,68.805
Thailand,1989,12.1905059866109,1341.72978395303,1.64649465378947,34.9215280475187,37.4854054733393,68.557
Cambodia,1989,3.47938318460915,191.297492431658,3.76637718508369,,,54.768
Singapore,1989,10.1588286387889,10394.5389962406,2.93574373454983,179.295693093127,168.276992586672,74.9463414634146
Myanmar,1989,3.69529742267716,51.3443285034615,1.57732937202558,,,56.889
Philippines,1989,6.18391820283388,791.864324425833,2.52270173536448,19.7398895822467,21.5430347139672,64.105
Laos,1989,14.1906366290998,170.377296803511,2.86513034760729,12.1306752107447,31.9961567937267,53.589
Brunei,1990,2.64307356617202,23658.7166330381,2.87212106847642,36.026543425045,21.7218864768654,71.629
Indonesia,1990,7.24213163856464,578.420121135382,1.81442604896274,27.3057589781449,25.5861024595444,63.249
Malaysia,1990,9.00852713774628,2468.69080320116,2.94872577944909,74.4661197000361,72.4221328339534,70.952
Vietnam,1990,5.10091813908369,98.7983370311401,2.09368868105156,36.0386136391372,45.2770843017519,69.027
Thailand,1990,11.1671634446293,1559.11209344755,1.63811607952745,34.1319282448808,41.6504361196591,68.924
Cambodia,1990,1.16231184838939,190.181470036159,4.17106846959568,,,55.205
Singapore,1990,9.82089955731777,11861.7561591366,3.88909360745296,177.192544433931,167.139673411139,75.2951219512195
Myanmar,1990,2.81693327328911,53.1225401094506,1.52506751457934,,,57.159
Philippines,1990,3.08267252855887,803.572588255813,2.56122112841079,19.3932131437876,23.5291431442704,64.382
Laos,1990,6.70457869081514,200.7349054896,2.84582324059542,11.3287632936327,24.5184451833458,54.035
Brunei,1991,2.91065603669382,23932.1897281583,2.82087413872675,39.2749848843349,23.6626257429307,71.858
Indonesia,1991,6.91198283591309,624.387495384411,1.77013689509296,28.3512610672578,26.4883038133183,63.703
Malaysia,1991,9.54546741443052,2679.20101106745,2.8158546560368,77.8255528255528,81.4858944377017,71.219
Vietnam,1991,5.96084393218912,143.715270231936,2.09563784726273,30.9150393380004,36.0319130561748,69.303
Thailand,1991,8.5582603212423,1765.62267359529,1.62920710678797,35.9643095170182,42.5068254603993,69.132
Cambodia,1991,7.59129793854025,267.336306726982,4.14488021704792,,,55.582
Singapore,1991,6.68839753958379,14502.3799938606,2.84548286486563,168.546193922295,155.341800903456,75.6463414634146
Myanmar,1991,-0.650616908622624,51.2408970610106,1.43848109338153,,,57.395
Philippines,1991,-0.436390080533428,804.323330530547,2.40127859344235,20.9651411756089,23.2547826003992,64.622
Laos,1991,4.29656364110154,231.806227548139,2.81628243868286,12.9537264801421,25.2285951637255,54.7
Brunei,1992,-3.12061882634288,23450.8964055243,2.72087553865121,38.2613644085978,31.6742785989026,72.09
Indonesia,1992,6.49750651682714,673.67103954742,1.7332257161332,30.3074635078275,27.1199706023253,64.182
Malaysia,1992,8.88511797832156,3141.43321987651,2.64753082839941,75.983860049641,74.6273609322945,71.483
Vietnam,1992,8.64604745934572,144.549392371677,2.02528655896492,34.7455958184055,38.8312893080737,69.62
Thailand,1992,8.08338802345332,1971.60879910694,1.58945961673195,36.9724756680199,40.9821700245894,69.353
Cambodia,1992,7.01753837770227,307.094922385136,5.39668671425508,,,55.747
Singapore,1992,6.63980556949564,16136.2405377661,3.00425639462047,161.725949774023,149.586317507495,75.9463414634146
Myanmar,1992,9.66094245346783,58.8896739558883,1.36750903862328,,,57.681
Philippines,1992,0.417629066097945,916.515694532029,2.36968384705809,20.7796645414886,24.2114781886729,65.353
Laos,1992,5.55985776817542,247.345286150532,2.769076698737,17.0257554269191,27.105003187253,55.098
Brunei,1993,-0.633649658776775,22397.0737447404,2.60873227190994,36.2455449805517,34.2601710606151,72.333
Indonesia,1993,6.49640812045304,817.395116417856,1.70158442607601,26.7548134217247,23.768572466506,64.851
Malaysia,1993,9.89494333377064,3461.99504214189,2.55845902443816,78.9202875826103,79.0201749189867,71.721
Vietnam,1993,8.07273065739605,189.418573584332,1.92400355460531,28.7227826669423,37.4894844843075,69.957
Thailand,1993,8.25191591524627,2245.13688708983,1.54362711687309,36.8172895601126,40.9288275572971,69.568
Cambodia,1993,4.09837080453724,294.059372727558,6.01872150772546,16.0570736263817,32.6671841528258,56.036
Singapore,1993,11.459650875246,18290.130113185,2.5298067473268,161.650519642454,151.765620165211,76.0463414634146
Myanmar,1993,6.03941022663199,76.212889482598,1.33917937317586,,,58.032
Philippines,1993,2.181889985613,918.642953796961,2.4046342517232,22.3031303689154,28.1619125520064,65.661
Laos,1993,5.91255655432118,283.400573286349,2.71337335048279,21.4616192640886,31.1671927481217,55.583
Brunei,1994,0.992734958938726,22766.587177075,2.53818018062453,32.2800214220304,30.5895969700144,72.571
Indonesia,1994,7.53997109551439,899.793982949817,1.6859518715422,26.5114278515733,25.3656731979016,65.041
Malaysia,1994,9.21204179334867,3757.65292858601,2.54353236939425,89.1507768813216,90.7541657926645,71.865
Vietnam,1994,8.83898095245374,229.857787265757,1.80580242039077,34.0131286444039,43.4600692982849,70.379
Thailand,1994,7.99702466720433,2517.70732641683,1.47432944245539,38.2421139088502,43.0068390849776,69.661
Cambodia,1994,-34.808638773859,302.1307854832,6.97860299679541,25.7919593880254,38.6760725615619,56.221
Singapore,1994,11.0956893100227,21552.4100366948,3.13658693183625,166.193359003655,150.023188580912,76.1975609756098
Myanmar,1994,7.47795835834528,105.391561114159,1.32297300734248,,,58.326
Philippines,1994,4.37366591819077,1059.9838951587,2.1804905774884,24.075665857016,28.4508379453015,66.0
Laos,1994,8.15901853271809,320.968128951646,2.61561863671144,24.9869407176856,39.8223292795684,55.81
Brunei,1995,1.34729376385607,26443.2564746713,2.46985364733686,36.7143398139106,34.3229141359893,72.838
Indonesia,1995,8.22000739903493,1011.22614205568,1.66278546327292,26.3121650131426,27.6464250504,65.263
Malaysia,1995,9.82908519730812,4363.14458333034,2.54130598813685,94.0891703712361,98.0240298822779,71.979
Vietnam,1995,9.54048017491264,287.802661028593,1.67325494682511,32.8128553339566,41.9084105866522,70.871
Thailand,1995,8.12031534625378,2864.36515719866,1.42705987153545,41.532345065243,48.2238298715814,69.757
Cambodia,1995,9.90346890117173,343.485224671585,8.09818955055196,31.1841815310837,46.58254651483,56.562
Singapore,1995,7.17540112091071,24914.8507020358,3.03781348481124,181.120940871727,164.338323023735,76.2951219512195
Myanmar,1995,6.94805143702995,124.14348039051,1.2997864871869,,,58.671
Philippines,1995,4.62522511739661,1199.84171414993,2.18824211617999,25.9460416626648,31.3845163136131,66.311
Laos,1995,7.03125432419004,357.758162193406,2.46841937666729,23.2203889147564,37.3340772257383,56.344
Brunei,1996,-0.027315465853718,25692.2357348562,2.40260865216409,40.0067512665242,40.4787254313617,73.079
Indonesia,1996,7.81818707670867,1118.92133024129,1.64546182640737,25.8245519820943,26.4401916750537,65.465
Malaysia,1996,10.0027006861844,4837.16897250768,2.52310298452386,91.5761512146674,90.1908312707896,72.119
Vietnam,1996,9.34001749939179,337.051231790277,1.52407678637018,40.8684874244585,51.8372593774353,71.296
Thailand,1996,5.65194446499471,3054.65690806473,1.38103987322343,39.018420197111,45.2557278008642,69.94
Cambodia,1996,5.89750560694478,324.655870983004,7.52306354037061,25.3640067394433,43.7975600580657,56.832
Singapore,1996,7.47139086002002,26232.866096827,4.06431846839031,175.64311239295,159.268050895143,76.5951219512195
Myanmar,1996,6.44271534713997,141.897267580367,1.28154909567186,,,59.169
Philippines,1996,5.8603478716379,1311.09249403865,2.30364180162275,28.8867213731659,34.9685821777115,66.691
Laos,1996,6.9283237283322,371.341879197673,2.33129326891339,22.6987496249058,41.0584239850731,56.821
Brunei,1997,6.34394499326551,25522.3975038009,2.34099524940066,38.1379742895262,39.0108352465264,73.326
Indonesia,1997,4.69987885390397,1044.60674832472,1.62630782020292,27.8592432831317,28.134615525546,65.774
Malaysia,1997,7.32274185035924,4678.56390058182,2.48740927032502,93.2894480029809,92.3756631593889,72.296
Vietnam,1997,8.1520841433542,361.643884085566,1.45262124184775,43.1027067530124,51.2417773154392,71.67
Thailand,1997,-2.75357515314082,2473.14096982086,1.33372170098054,48.2370587073887,46.8147319390868,70.362
Cambodia,1997,4.00662107873787,297.59041960803,6.883669247052,33.6169355760717,45.3177088823098,57.266
Singapore,1997,8.31620911124497,26375.8653668113,3.35744219516066,169.296886140865,154.567536007275,76.8975609756097
Myanmar,1997,5.65158296304853,108.039770292032,1.27543675227322,,,59.523
Philippines,1997,5.18641167406165,1273.27604875636,2.35271515939024,35.0861457359116,42.1425001813547,66.994
Laos,1997,6.87209127120695,339.09319241187,2.08550886313317,23.8922247910231,41.2647459749228,57.302
Brunei,1998,-6.65715931266875,17769.2463451942,2.28072165867432,36.8356755347497,41.8949296263138,73.584
Indonesia,1998,-13.1267254923818,454.877800792123,1.58071800042293,52.968134566078,43.2180577941907,65.942
Malaysia,1998,-7.35941518817556,3294.30978444095,2.45609059309708,115.743725352436,93.7484774557535,72.385
Vietnam,1998,5.76445545848843,361.350928411167,1.43491495510774,44.8483033762953,52.1529451355476,72.283
Thailand,1998,-7.63403528600102,1847.70379269771,1.30564502997303,57.9373028444006,42.3031708884277,70.703
Cambodia,1998,4.68163210426384,258.780953189377,4.12422750057528,31.238145793248,44.3813272077012,57.859
Singapore,1998,-2.19101500611274,21829.2737831583,3.39721227677289,166.787570508849,145.291685165837,77.3
Myanmar,1998,5.86621315328905,145.950830383757,1.24820598731574,,,59.896
Philippines,1998,-0.514090599541888,982.865943728564,2.51478327457395,37.8068683988215,42.2703331195996,67.212
Laos,1998,3.96760809197698,243.923962451418,1.85106124399662,36.4558727549249,47.8136677544263,57.549
Brunei,1999,4.26072216266995,19752.2013255542,2.22422733142457,40.6972280530706,35.2921274522722,73.806
Indonesia,1999,0.79112608199847,657.268934667018,1.50317096427875,35.5141290838601,27.4297837763323,66.001
Malaysia,1999,6.13761201057692,3527.81581379249,2.38527879909653,121.311393650836,96.2595257411126,72.428
Vietnam,1999,4.77358688344989,375.994455900496,1.30328491482511,49.9662459731661,52.8211606307915,72.575
Thailand,1999,4.57230775115542,2033.24490520569,1.25409899110086,56.4385428614735,44.2677458429596,70.979
Cambodia,1999,12.7053811380498,286.753596443196,1.70665891380385,40.5441861780561,53.6327018989646,58.611
Singapore,1999,5.71837175710837,21796.6373891001,0.799148451003927,176.745012905762,159.73983350712,77.5512195121951
Myanmar,1999,10.9451299817104,189.490155849067,1.1902615071828,,,60.107
Philippines,1999,3.34645118398267,1101.43515975318,2.55605721072455,38.4111587355426,38.7503349766746,67.503
Laos,1999,7.30637607138169,272.325307005412,1.74747223421126,35.8758415241476,44.1826146413405,57.866
Brunei,2000,3.47467627672586,20130.2572346624,2.17184750364769,56.970296136284,30.0850368514857,74.017
Indonesia,2000,4.9200677470169,763.711124950924,1.43244007763682,40.9773084738704,30.4595674435027,66.292
Malaysia,2000,8.85886816969386,4083.52874483605,2.34480241175698,119.809708726968,100.597080255106,72.732
Vietnam,2000,6.78731640463151,404.029784055118,1.12950984166849,53.9214970089166,57.4955974105958,72.746
Thailand,2000,4.45524704335014,2005.97694514234,1.13127017975852,64.840250738685,56.457704612787,71.205
Cambodia,2000,9.99358032292079,296.426687526334,1.59016992993238,49.3049002706901,61.0922250330406,59.491
Singapore,2000,9.03831632555163,23852.8389514753,1.73204223254257,188.350890284751,176.013630183467,77.9512195121951
Myanmar,2000,13.7459305561226,196.619580625284,1.11707426022512,,,60.357
Philippines,2000,4.38250500083399,1050.79273107952,2.37926588939747,43.3442192240219,41.809149235982,67.789
Laos,2000,5.79878232861959,318.749852236965,1.67898547843134,30.6620036016085,38.175297766224,58.317
Brunei,2001,1.4660608198711,18287.8272281914,2.09808399029796,57.9295714010074,33.1702162186782,74.209
Indonesia,2001,3.64346644721492,732.307093405708,1.38801892806803,39.0321390955111,30.7610684301127,66.583
Malaysia,2001,0.517675319192861,3943.79943910239,2.40351289519482,110.402491356547,92.9621446541059,73.08
Vietnam,2001,6.19289331233377,419.205677580901,1.05123747397877,55.0619332820827,56.8940047164421,72.984
Thailand,2001,3.44424900968372,1889.93432467144,1.01584846841136,63.250689756653,57.01727651688,71.52
Cambodia,2001,7.38971065070517,327.500984314444,1.56166865874357,51.1797752012962,60.5919660427045,60.457
Singapore,2001,-1.07086275100448,21699.7414868907,2.69735584326358,182.894180709771,166.397924985207,78.2512195121951
Myanmar,2001,11.3439970699605,141.525660705722,1.05489130356671,,,60.64
Philippines,2001,3.04923134463486,969.530611744453,2.20604531885261,41.1555015074547,43.7448871162984,67.829
Laos,2001,5.75141287983195,320.316005439568,1.64839890567014,27.8731588735049,38.0262780063432,58.887
Brunei,2002,3.9614389000248,18621.2922577525,2.00587619956124,56.6559739607844,36.5602075114633,74.365
Indonesia,2002,4.49947539085764,881.002913569131,1.35572575488289,32.6876208878375,26.3918408785348,66.954
Malaysia,2002,5.39098830692797,4184.03163773539,2.41855547054066,108.305302795051,91.0509299006036,73.469
Vietnam,2002,6.32082099160833,445.132861817313,1.02445055878013,54.7391336880928,61.9577349644058,73.138
Thailand,2002,6.14903605210036,2089.75183111554,0.962026884907362,60.6457526009701,54.3239904200966,71.775
Cambodia,2002,6.26507280509637,350.147276634294,1.54239258007881,54.188950476339,64.0806115959488,61.395
Singapore,2002,3.92336076702013,22159.8373710639,0.912639805776796,184.086118066532,165.659895919145,78.5512195121951
Myanmar,2002,12.0255134340315,146.598390364449,1.00325836797547,,,60.925
Philippines,2002,3.71625500158383,1014.90879320106,2.02766985591781,40.0056799440289,43.83912414975,67.886
Laos,2002,5.91874368370564,313.350817148131,1.60628714871708,28.7525146642775,38.5023881880757,59.302
Brunei,2003,3.58342909978997,20677.9001143188,1.90413711851639,58.4208886316465,30.6647274671095,74.509
Indonesia,2003,4.78036912167654,1043.2105838671,1.32378197652859,30.4776547809661,23.1388389663355,67.134
Malaysia,2003,5.7884992858875,4465.32194567208,2.36624571909165,106.943446148115,87.2516829087158,73.727
Vietnam,2003,6.89906349055258,497.117089249256,0.999847904782733,56.6732579147533,67.6546965243715,73.236
Thailand,2003,7.18924330340971,2347.54001286066,0.931947504633534,61.522551633189,55.1702680716755,72.101
Cambodia,2003,10.2836813071691,386.691123931778,1.5110719151833,54.2286240176407,65.846345075958,62.345
Singapore,2003,4.54825542643229,23730.3840054566,-1.47453284191939,202.586206389804,174.632357911778,79.0390243902439
Myanmar,2003,13.8439968903798,224.292688912409,0.93550676889734,,,61.196
Philippines,2003,5.08691113513073,1027.2301192843,1.98211355051959,42.3050183712712,45.2696259923924,68.049
Laos,2003,6.06700230344272,355.097216151461,1.53964095162728,23.5004331627788,37.0716627200091,59.643
Brunei,2004,0.104538372603315,24423.0946995548,1.79377776163247,57.7661851193269,27.1159815444923,74.603
Indonesia,2004,5.03087394501685,1126.84004447173,1.27101139474106,32.2166946182599,27.5446002184312,65.521
Malaysia,2004,6.78343772370305,4939.24851854427,2.31172452935085,115.373337721075,95.0009281760497,74.027
Vietnam,2004,7.53641060890386,565.452284586212,0.969589431962946,59.7310414143857,73.2854564543616,73.062
Thailand,2004,6.28934214285795,2641.56268717857,0.896077275303913,65.9718573391185,61.4400163812742,72.1
Cambodia,2004,9.45769481103929,444.199067529081,1.47375057040259,60.8183573699975,70.5331236862783,63.256
Singapore,2004,9.93998268434957,27608.080013423,1.2519166730553,213.951695442646,187.572017095863,79.490243902439
Myanmar,2004,13.5646616163416,224.508811413327,0.856837524813252,,,61.443
Philippines,2004,6.56922851180626,1099.63013023758,1.94326756715565,41.8268409907999,45.2984438324049,68.301
Laos,2004,6.35769548008234,409.296298284117,1.45793744820894,24.9121225651615,41.1676290571222,60.08
Brunei,2005,-0.0039253166074644,29386.2703822862,1.68724773243682,58.5718065403264,23.0483074751968,74.683
Indonesia,2005,5.69257130383384,1238.21447629488,1.28380661170743,34.0672676279992,29.9206682408643,67.531
Malaysia,2005,5.33213916141486,5555.58179951206,2.26772984873607,112.898976779781,90.9556678158424,74.37
Vietnam,2005,7.54724772895918,710.746759994861,0.928402391177897,63.6994926701393,67.0153533748869,73.198
Thailand,2005,4.18763842884337,2867.70383436062,0.860087894461849,68.402716900887,69.4511499313604,72.894
Cambodia,2005,13.3033338358455,525.797325120926,1.4576145365221,61.0399163553182,72.5120489103296,64.113
Singapore,2005,7.36632239250758,29961.3172812732,2.35051128857175,225.159667736916,195.270845183643,79.990243902439
Myanmar,2005,13.5689500216456,252.685193060728,0.78215232398828,,,61.72
Philippines,2005,4.94250511877678,1220.46018559867,1.85941217176991,41.2300392158954,42.6156353549097,68.423
Laos,2005,7.10756836811267,466.061506997741,1.50884118892528,28.9637357220067,42.8289105517785,60.688
Brunei,2006,4.09841257308588,34674.7995236452,1.58852615956489,60.1605718986421,21.4103828443269,74.753
Indonesia,2006,5.50095178520348,1558.31562847163,1.32525502272966,31.0347163143166,25.6224105005701,67.664
Malaysia,2006,5.5848470671515,6158.40785533236,2.22705351047756,112.18548084399,90.3916659964074,74.697
Vietnam,2006,6.97795481056711,807.756645117054,1.32258336381927,67.7168143260187,70.5968075435795,73.293
Thailand,2006,4.96781089246107,3331.32043511773,0.83006330336846,68.6753420333013,65.4116041579669,73.341
Cambodia,2006,10.9433600681694,612.252648550727,1.47594305468246,64.672329331268,75.6764049872155,64.886
Singapore,2006,9.00676607871758,33768.4528234651,3.1293891560754,228.037617061062,197.325782481957,80.1414634146341
Myanmar,2006,13.0761013792372,303.495087119254,0.728331835978341,,,62.026
Philippines,2006,5.31641682136939,1426.14649179546,1.68208380821541,41.2454593705084,39.6050793023691,68.172
Laos,2006,8.61926620832807,579.391947440719,1.58338798520366,38.1550775230179,43.8062978932242,61.074
Brunei,2007,-3.76362326254647,36217.3290706015,1.68860465252749,56.9641140757782,24.0473005611176,74.793
Indonesia,2007,6.34502222667214,1823.21976255073,1.32086532413059,29.4357184851264,25.3935314930811,67.914
Malaysia,2007,6.29878592740947,7168.93031942508,2.17350461828888,106.168274866985,86.2972314906664,74.961
Vietnam,2007,7.12950448605439,925.640338348717,1.76779845772365,70.517874602272,84.0875093942823,73.385
Thailand,2007,5.43515169050809,3918.52817434581,0.800044180541195,68.8722751702483,61.0009518194692,73.779
Cambodia,2007,10.398458101201,731.692295125426,1.47554433066197,61.1365869942825,72.5634368325363,65.549
Singapore,2007,9.02151951268893,39432.8860198877,4.16600286360933,212.779393731371,181.509078187707,80.4414634146342
Myanmar,2007,11.9914352402146,419.375780725042,0.708807824555326,,,62.367
Philippines,2007,6.51929155018938,1712.65543282793,1.73463407300361,38.0141863378076,35.6307936542553,68.549
Laos,2007,7.59682880054878,697.323013673925,1.54812352499039,33.6143130828635,45.5983158206633,61.694
Brunei,2008,-3.90071101715114,42156.5685838672,1.84867406299599,65.9431408022612,23.8022845500731,74.814
Indonesia,2008,6.01370360009123,2124.55483920618,1.29735043016571,29.8082841673732,28.7531154639229,68.085
Malaysia,2008,4.83176988913097,8371.82156086005,2.09531674831339,99.4995772447266,77.1687475404215,75.151
Vietnam,2008,5.66177120891362,1163.83195772873,1.82745521345807,70.3366919402715,83.9807876874868,73.455
Thailand,2008,1.72569884866334,4309.13509292986,0.768156179389423,71.4164181071068,69.0205934338244,74.221
Cambodia,2008,7.47636606631011,866.283999789749,1.51791486007376,61.7787856845594,68.614724994177,66.147
Singapore,2008,1.86348345462035,40008.5720489092,5.32151708302623,228.993770935119,208.332943955938,80.790243902439
Myanmar,2008,10.2553053929808,658.442487229705,0.550688224031359,,,56.364
Philippines,2008,4.34448730509183,1959.29233534978,1.76733466433421,33.3568332437392,34.3242375293009,68.643
Laos,2008,7.82490276337012,885.747376088762,1.5195940495706,33.1540804750868,48.695101619045,62.248
Brunei,2009,-1.90025367202547,30946.4673773828,1.87722246166003,59.7036049151399,30.5834833436495,74.814
Indonesia,2009,4.62887118256153,2218.48541852977,1.26698625068088,24.1591196686279,21.3530017000775,68.267
Malaysia,2009,-1.51352871598714,7191.43287234626,1.99206021194285,91.4167918670926,71.1421785856069,75.269
Vietnam,2009,5.39789754014181,1226.16976051536,1.49648723830416,62.6088840664865,72.0974336552711,73.525
Thailand,2009,-0.690618232300579,4135.43986952819,0.73854268159594,64.4386124917652,54.8308063628242,74.669
Cambodia,2009,4.07477850599065,875.748936193569,1.57665618141569,46.2109950081593,56.0769540065406,66.747
Singapore,2009,0.127953382778088,38926.8054365453,3.0159499147579,190.844935011128,167.347876817714,81.2414634146342
Myanmar,2009,10.5500090961932,758.442935789255,0.555720175554536,,,63.095
Philippines,2009,1.44832306275669,1864.45043406471,1.801550616238,30.2195255995892,30.6670651873867,68.631
Laos,2009,7.50177491225853,935.03237283283,1.49588633029834,30.0830696746432,46.8477565440088,63.023
Brunei,2010,2.74136439456163,34937.5555357155,1.89897689252094,67.4082522381788,27.9632937844345,74.82
Indonesia,2010,6.22385418062366,3065.68348377765,1.26054140134601,24.2990309366408,22.4022429392329,68.364
Malaysia,2010,7.42484738326097,8899.34505544675,1.87040612656176,86.9302950693543,71.0144698174169,75.376
Vietnam,2010,6.42324482239482,1683.16182443979,1.14440259659988,54.1758459668515,59.8018415728627,73.611
Thailand,2010,7.51339053261624,4973.86288823778,0.670617338343587,66.4861731592239,60.7643494790272,75.012
Cambodia,2010,5.07691843229247,952.274616324008,1.55621745380597,50.2265428540514,59.7718577537062,67.311
Singapore,2010,14.5197497108994,47236.683084953,1.77183287926401,197.998960793027,171.686594994619,81.5414634146342
Myanmar,2010,9.6344394520444,1010.53417343401,0.745099607969388,,,63.479
Philippines,2010,7.33449996034538,2162.91375885614,2.04795425200975,32.8748297195678,33.2294487942119,68.883
Laos,2010,8.52690551739717,1125.91610151261,1.47192872108695,35.384026037956,49.3363118537116,63.69
Brunei,2011,3.74440625524871,46382.8274255349,1.78274591747739,69.5063427645584,30.0315881392595,74.835
Indonesia,2011,6.16978420771008,3579.46442466152,1.27668830646548,26.3273530888836,23.8526600952268,68.629
Malaysia,2011,5.29391283414003,10217.1068585031,1.75128008243176,85.2554421085998,69.6822424986263,75.488
Vietnam,2011,6.41316889681683,1950.92504174913,1.15183406119192,61.1801557211956,64.0804222196337,73.713
Thailand,2011,0.840132083053334,5373.6232832898,0.621807948253872,70.8549093801611,68.8204978444147,75.302
Cambodia,2011,7.28665813879552,1088.98152823081,1.51839242344005,49.9211772643531,59.8693279024614,67.869
Singapore,2011,6.21493416858989,53891.4570264372,2.08490245606007,203.327708649538,175.770922728001,81.7439024390244
Myanmar,2011,5.59148237823661,1213.62898703376,0.803379211413432,,,63.859
Philippines,2011,3.85823282795663,2383.91892522087,1.96473852483036,29.1054288781405,31.690407821767,69.096
Laos,2011,8.03865268023725,1361.54704394913,1.44814949802327,40.3431560976816,51.35553977034,64.505
Brunei,2012,0.913135189664487,46968.5971164922,1.53255515873327,70.1597309927892,35.4811711480293,74.843
Indonesia,2012,6.03005065305615,3632.27254030331,1.28583816632167,24.5943787881769,24.9885195110858,68.862
Malaysia,2012,5.47345419253853,10600.5744240026,1.70269513202166,79.2999139255312,68.5418408404822,75.552
Vietnam,2012,5.5045447041189,2185.11767654291,1.1709874078049,63.4739249038633,59.7501918421214,73.762
Thailand,2012,7.24279620249642,5725.52802835463,0.619591346751357,68.9512356297981,68.7237028804414,75.59
Cambodia,2012,7.65025657870362,1192.80263041673,1.49998418675996,53.285002586552,63.4552308316603,68.371
Singapore,2012,4.43549759378537,55547.5553077786,2.45339033031018,196.719612875759,172.493352911906,81.9951219512195
Myanmar,2012,7.33267044704149,1202.6658960055,0.841507088171189,,,64.251
Philippines,2012,6.89695171050985,2614.61644401308,1.94226237851608,27.4670738577233,30.3749316555848,69.237
Laos,2012,8.02609843461283,1563.5650771337,1.42735442034268,37.8767283501759,60.3083980811903,65.126
Brunei,2013,-2.12478292664558,44003.0644273461,1.38231470645459,68.0441177780807,42.8954818061354,74.854
Indonesia,2013,5.5572636889101,3566.60284506078,1.24038001568984,23.9235763793605,24.7137962959288,69.064
Malaysia,2013,4.69372252557893,10713.6407638899,1.70946282045073,75.6290410302627,67.0919504346102,75.464
Vietnam,2013,5.55351081026072,2359.51736472828,1.1802975549343,66.8004459919109,64.0459088748316,73.821
Thailand,2013,2.68749556320556,6018.08244729255,0.587325698680648,67.1711410731483,65.2911331011204,75.96
Cambodia,2013,7.8574997554252,1305.6600972686,1.49510212980529,56.6205657745424,68.2669869941146,68.755
Singapore,2013,4.81763099120676,56967.4257940383,1.61930809858875,195.077796338143,171.963983710876,82.2463414634147
Myanmar,2013,8.42600102501767,1199.09561597055,0.849578652965248,,,64.617
Philippines,2013,6.75053130142255,2781.27957677397,1.87971579705684,26.1774198090007,29.6473614230291,69.283
Laos,2013,8.02630022699017,1812.51774424651,1.40755477426746,38.1731033983004,60.00604321766,65.723
Brunei,2014,-2.50788727590711,41026.5084247957,1.34019436885468,68.1771018484597,34.2438991145753,74.862
Indonesia,2014,5.006668425755,3441.06808464008,1.17536091203837,23.6659845969367,24.414190988586,69.292
Malaysia,2014,6.00672194558203,11013.3107334403,1.7147407282165,73.7934986257765,64.5187325510668,75.345
Vietnam,2014,6.42224312118567,2546.38464459903,1.21423463554626,69.5985759502054,65.8119455041556,73.886
Thailand,2014,0.984468863619426,5801.1978916205,0.530129864137193,68.3941351612178,62.5113602831802,76.279
Cambodia,2014,8.00032074618566,1431.56396469993,1.4824372519955,56.629548029687,67.8253604970058,69.117
Singapore,2014,3.93554027709007,57564.8023114977,1.29844017799226,191.953535787505,168.513783378732,82.4951219512195
Myanmar,2014,8.16990745558277,1293.00042319714,0.830118073348831,,,64.994
Philippines,2014,6.34798748260867,2866.83803761407,1.64283283802775,27.3545041909285,30.113667896666,69.311
Laos,2014,7.61196343979319,1981.03910900473,1.37876842701215,40.7545466511497,58.3051916421903,66.35
Brunei,2015,-0.392383749502031,30625.1287744656,1.30210359279592,52.2130112286937,37.6831770246648,74.88
Indonesia,2015,4.87632230022123,3288.22269725538,1.12233981761262,21.1601792598059,20.7774609817235,69.52
Malaysia,2015,5.09153242155011,9648.6797937523,1.73319445645586,69.4486908970754,61.9213815481844,75.288
Vietnam,2015,6.98715430598611,2577.56885340113,1.23975403093124,72.9228518369495,71.9913763582877,73.955
Thailand,2015,3.13404724911635,5688.85335397884,0.460976294059414,67.6366902705865,57.2029718819397,76.563
Cambodia,2015,7.20703472529512,1547.32010444393,1.46023762985186,55.9812203124044,66.1283765029746,69.398
Singapore,2015,2.97679931634806,55645.6068614606,1.18637693749822,178.384608499682,151.08679044058,82.7439024390244
Myanmar,2015,6.99284029026121,1166.73305547935,0.800670952631538,,,65.288
Philippines,2015,6.34830971672761,2909.85818010301,1.47875384302116,27.2080572390451,31.9335348662643,69.45
Laos,2015,7.27006584373785,2121.01339097363,1.45836474920589,33.9522573081909,51.8460643954901,66.688
Brunei,2016,-2.47791771833224,26663.2972950602,1.25964272152269,49.5777773794133,37.7420239533927,74.905
Indonesia,2016,5.03306918280177,3521.46943457574,1.0744882002252,19.0889938536664,18.3323479486654,69.733
Malaysia,2016,4.44978139761541,9476.53409809923,1.76731054757933,66.7754454542508,60.1235645714491,75.371
Vietnam,2016,6.69000892660424,2735.0604380416,1.25988366517733,74.1072862556183,71.3022217174998,73.984
Thailand,2016,3.43515771692182,5833.57715617098,0.451266062797186,67.0708839693011,53.5043433198287,76.769
Cambodia,2016,7.90550116130704,1675.19555711109,1.45860767566845,56.4318377218234,66.2727178808437,69.635
Singapore,2016,3.74757848792792,57005.5887176547,1.29743609938602,164.550664245506,138.288991801068,82.8463414634146
Myanmar,2016,5.86247291518572,1229.19713491328,0.792792538685626,,,65.64
Philippines,2016,7.14945675000752,2985.19564024046,1.34190709540685,26.6730033435157,35.1030624218713,69.49
Laos,2016,7.02283625501138,2303.22156035363,1.56317561333482,33.209427456122,41.8824634642904,67.014
Brunei,2017,1.32872661057823,28024.3824580252,1.2107045656128,49.5733065230099,35.6035539039886,74.943
Indonesia,2017,5.06978590134916,3798.88326174526,1.02232939771064,20.1773044351106,19.17819263535,69.953
Malaysia,2017,5.81272240983328,9862.54806612235,1.76466064017847,70.011742508597,63.1434308633591,75.542
Vietnam,2017,6.94019037359206,2956.10992127753,1.24420473643635,81.7625218355655,79.2175618233041,74.026
Thailand,2017,4.1776810321001,6413.09182530343,0.422963510133952,66.6728324663767,54.2185949672612,76.989
Cambodia,2017,8.07503915535979,1826.35391688754,1.38176596089867,56.3000536720904,64.8553976265984,69.842
Singapore,2017,4.47689915845876,61236.251270627,0.0885954699924263,171.741625509838,145.05278377773,83.0951219512195
Myanmar,2017,6.13610824360305,1272.82241815234,0.772302033467657,,,65.909
Philippines,2017,6.9309883258402,3038.12124959289,1.28830186666283,29.5522908546692,38.6160788880035,69.966
Laos,2017,6.8925308726989,2432.43059478511,1.57029722559747,,,67.345
Brunei,2018,0.0523710418528935,30988.1190267227,1.15739958778106,51.9332397866186,41.9648219800591,74.992
Indonesia,2018,5.17429153955024,3860.95353090726,0.969743409524713,21.0027464972455,22.0715624579547,70.08
Malaysia,2018,4.84308697634881,10901.8019954421,1.70174731907235,68.554971419686,61.8476540824403,75.734
Vietnam,2018,7.46500685572751,3222.31003125366,1.10791395242199,84.4234560833365,80.2404806925565,74.1
Thailand,2018,4.22287028746071,7099.77650081458,0.302929452489855,64.838096899332,56.0037678316517,77.19
Cambodia,2018,8.77622376224463,2036.67377566578,1.24368277407927,55.4713973566208,62.9662580564288,69.993
Singapore,2018,3.4519759658687,66881.6067035265,0.469704298714121,178.198251436118,148.398335850632,83.2975609756098
Myanmar,2018,6.26886221471075,1298.21310327675,0.72443284342539,,,66.232
Philippines,2018,6.34148557153473,3168.51036609727,1.23686033319068,30.2136053733275,41.9497929256998,69.761
Laos,2018,6.24796000755872,2545.1075420815,1.55377801997365,,,67.594
Brunei,2019,3.86884436177075,30426.5730656528,1.10621350885567,57.946040538108,50.5636178198506,75.049
Indonesia,2019,5.01928768046282,4106.94856160358,0.935604959235128,18.5915277970883,19.0362497386225,70.349
Malaysia,2019,4.41318742129586,10920.191763972,1.59646653343981,65.2777668428576,57.7507951850853,75.9
Vietnam,2019,7.35926270105006,3440.90025375434,0.968366698803348,85.1575874073411,79.5466276240668,74.211
Thailand,2019,2.11455779628278,7605.69657797759,0.204609851692418,59.5188906218859,50.1706240932801,77.197
Cambodia,2019,7.93695013588524,2225.87705485686,1.26258301009769,55.4468679729119,60.289811099536,70.127
Singapore,2019,1.30804118153127,65952.0378959293,1.14428330688929,176.891299992751,147.50368512255,83.5951219512195
Myanmar,2019,6.57911006765414,1425.98954241668,0.702425162747352,,,66.457
Philippines,2019,6.11852566221303,3400.78949767074,1.21615534645287,28.3829200126393,40.4589222469285,69.68
Laos,2019,5.4577350924848,2589.32081035237,1.52576304616693,,,67.911
Brunei,2020,1.1335733495246,26834.3592233943,1.06148281648515,57.3561114159878,52.9348922424642,75.114
Indonesia,2020,-2.06551182934165,3853.70288774146,0.849801187379341,17.3311682848923,15.6410071153504,68.817
Malaysia,2020,-5.45684658426701,9957.52626697613,1.33363323143911,61.5779359054349,55.2102465322035,76.057
Vietnam,2020,2.86541320912272,3534.03953482647,0.927434295850725,84.381598008957,78.8642648059779,75.383
Thailand,2020,-6.05003846851622,6985.64393892574,0.166540794566251,51.4944266088919,46.3063166376258,77.331
Cambodia,2020,-3.55572193406549,2081.73914242939,1.47062988552696,59.9217979409609,62.1835984056075,70.059
Singapore,2020,-3.81470885510713,61410.0792630788,-0.311904961250833,181.782024531778,150.258780950135,83.5439024390244
Myanmar,2020,-9.04834717984643,1490.21683599469,0.711376906349628,,,66.612
Philippines,2020,-9.51829474045297,3227.57910235199,1.1455140860985,25.2028393102032,32.966720992025,70.097
Laos,2020,0.503031829018681,2583.77730696131,1.49338675171473,,,68.339
Brunei,2021,-1.59076260099606,31006.9636289785,0.96027430523198,80.1689108084537,66.9542015668641,74.869
Indonesia,2021,3.70288562827751,4287.17313995098,0.704601321926319,21.4165556390653,18.7882026359018,67.452
Malaysia,2021,3.31534954399166,10903.1037480772,1.15251304394292,70.6330555493337,63.4029391413929,73.917
Vietnam,2021,2.55372852648131,3704.1935590038,0.868883560805873,93.8502071275575,92.8256257092568,74.145
Thailand,2021,1.55216608426647,7057.20754802279,0.119758274714782,58.5593891849287,58.6935554359232,77.606
Cambodia,2021,3.08984284148661,2167.40324198499,1.47677836241244,72.3610346435508,73.8188118661646,69.301
Singapore,2021,9.7568044629903,80056.1288247844,-4.17033630017526,182.710806574886,146.450577108876,83.0926829268293
Myanmar,2021,-12.0163724829177,1242.7213439951,0.696558038955431,,,65.553
Philippines,2021,5.71473313185116,3484.38593882819,0.905660310915421,25.7520349160187,37.7325748976525,66.675
Laos,2021,2.52835100486102,2526.05105018529,1.44141640887407,,,67.807
Brunei,2022,-1.62833154515108,36632.9280952155,0.804554269312164,86.3893568836847,60.5846089959126,72.917
Indonesia,2022,5.30719722664799,4730.83484836107,0.746050469653246,24.5029116862832,20.9617585096621,70.925
Malaysia,2022,9.03173723044451,11754.5678336248,1.1977720012836,76.8077974825844,69.6168072713231,75.444
Vietnam,2022,8.53750046755788,4147.69777213621,0.750756665157789,93.420129043511,89.7334901043249,74.502
Thailand,2022,2.58037874709827,6909.35281815827,0.0111485454856964,65.3727641914083,67.485947891463,75.291
Cambodia,2022,5.12990110773977,2325.03050040841,1.33088813106016,72.2070606780988,73.6665720833071,70.528
Singapore,2022,4.10800021897151,90299.0694637269,3.30862052439523,186.114290787201,146.235276967639,82.8951219512195
Myanmar,2022,4.0374934360085,1158.05005055976,0.690074759264932,,,66.506
Philippines,2022,7.58098212785563,3548.06930572116,0.760479216015364,28.3874015457939,44.042282064966,69.472
Laos,2022,2.70742652643155,2046.40440255621,1.40971670105791,,,68.715
Brunei,2023,1.12764418162719,32890.5491812019,0.782881746925984,76.7032024805205,60.1602321699593,75.327
Indonesia,2023,5.04902331835997,4876.30774512252,0.842666137328498,21.7538472039177,19.5824396668474,71.146
Malaysia,2023,3.5370638041057,11386.0395636528,1.23402869169549,68.6789535653168,63.9145080762826,76.657
Vietnam,2023,5.06502391455075,4323.35031982451,0.671429250652247,86.4674192371297,78.3506520327642,74.588
Thailand,2023,2.01775095328327,7195.10130919449,-0.0458651887192549,65.4445629404008,63.3795512119745,76.412
Cambodia,2023,5.00733043811898,2429.74853452838,1.28320677599476,66.8926660552171,67.3141763407136,70.668
Singapore,2023,1.82140694115385,85412.230345235,4.85831607781442,181.561322405378,144.131901648402,83.0975609756098
Myanmar,2023,0.958446625126115,1233.19666209269,0.698879396261223,,,66.889
Philippines,2023,5.51894967862863,3804.08274131097,0.810000998681961,26.6368493470555,40.7831199703412,69.833
Laos,2023,3.74568140158232,2066.94979776957,1.39237667233214,,,68.964
Brunei,2024,4.05251709306727,33153.4738913513,0.81851878860359,74.2707417079449,58.3166979342998,75.501
Indonesia,2024,5.03034469419038,4925.43048751861,0.813871513351669,22.18331286866,20.389334433174,71.288
Malaysia,2024,5.10545921024041,11874.4273684245,1.22058891015438,71.3410849829908,66.0214861785682,76.821
Vietnam,2024,7.09118746633975,4717.29028732449,0.631267006487247,90.1542210476659,83.7078037352994,74.736
Thailand,2024,2.54182067735289,7346.62022142185,-0.0480210554154485,70.0497307410759,66.6973762813753,76.564
Cambodia,2024,5.97510939607335,2627.87969756224,1.22593986324555,71.3635841655888,72.0834255374222,70.817
Singapore,2024,4.38802362461865,90674.066632628,1.99449365639324,178.776286814392,143.595141120325,83.3463414634146
Myanmar,2024,-0.97204641363362,1359.05001560107,0.674364862610485,,,67.095
Philippines,2024,5.69201612823412,3984.8315387656,0.825602488528657,25.7734411549927,40.1120313737041,69.946
Laos,2024,4.13019264436937,2123.97909415109,1.35832703035837,,,69.225
Brunei,2025,,,,,,
Indonesia,2025,,,,,,
Malaysia,2025,,,,,,
Vietnam,2025,,,,,,
Thailand,2025,,,,,,
Cambodia,2025,,,,,,
Singapore,2025,,,,,,
Myanmar,2025,,,,,,
Philippines,2025,,,,,,
Laos,2025,,,,,,
